user_id,username,user_password,first_name,last_name,dob,user_email,contact_number,address1,address2,city,acc_type,gender,active,availability,camp_id
1,volunteer1,111,Mike,Ray,1998/11/9,mike1@gmail.com,3333333,wood street,dd,London,volunteer,male,True,Yes,1,
2,volunteer2,111,John,Conley,1988/9/16,jjohn890@gmail.com,7562332145,11th avenue,xx,NewYork,volunteer,female,False,No,2,
3,volunteer3,111,Diaz,James,1990/8/26,james567@outlook.com,7877569743,rain street,ee,Toronto,volunteer,male,True,No,3
4,volunteer4,111,Chris,Johnson,1992/04/10,chris@gmail.com,4444444,Cedar Avenue,Suite 5,Villagetown,volunteer,male,True,Yes,4
5,volunteer5,111,Emily,White,1993/12/18,emily@gmail.com,5556666,Elm Road,Apartment 303,Countryside,volunteer,female,True,Yes,5
6,volunteer6,111,Michael,Brown,1995/06/25,michael@gmail.com,6667777,Willow Lane,Unit 404,Treetown,volunteer,male,True,Yes,6
7,volunteer7,111,Sophia,Miller,1998/03/05,sophia@gmail.com,7778888,Sycamore Street,Suite 7,Hamletville,volunteer,female,True,Yes,
8,volunteer8,111,Daniel,Anderson,1990/09/14,daniel@gmail.com,8889999,Cherry Avenue,Apartment 505,Orchard City,volunteer,male,True,Yes,8
9,volunteer9,111,Olivia,Taylor,1996/01/30,olivia@gmail.com,9990000,Poplar Road,Suite 6,Groveburg,volunteer,female,True,Yes,9
10,volunteer10,111,William,Wilson,1994/07/12,william@gmail.com,10101010,Pine Lane,Unit 606,Forestville,volunteer,male,True,Yes,10
11,volunteer11,111,Ava,Jones,1991/11/27,ava@gmail.com,11112222,Hickory Street,Suite 8,Villageton,volunteer,female,True,Yes,11
12,volunteer12,111,Liam,Evans,1999/02/08,liam@gmail.com,12123333,Magnolia Avenue,Apartment 707,Blossomtown,volunteer,male,True,Yes,12
13,volunteer13,111,Emma,Hall,1993/05/20,emma@gmail.com,13134444,Aspen Road,Unit 808,Leafville,volunteer,female,True,Yes,13
14,volunteer14,111,Aiden,Turner,1997/09/09,aiden@gmail.com,14145555,Birch Lane,Suite 9,Treeton,volunteer,male,True,Yes,14
15,volunteer15,111,Sophie,Morris,1995/04/03,sophie@gmail.com,15156666,Cypress Street,Apartment 909,Woodstown,volunteer,female,True,Yes,1
16,volunteer16,111,Ethan,Baker,1998/10/17,ethan@gmail.com,16167777,Chestnut Avenue,Suite 10,Orchardtown,volunteer,male,True,Yes,16
17,volunteer17,111,Grace,Clark,1994/06/14,grace@gmail.com,17172222,Redwood Road,Apartment 101,Greenfield,volunteer,female,True,Yes,17
18,volunteer18,111,Logan,King,1996/09/27,logan@gmail.com,18183333,Spruce Lane,Suite 102,Highland,volunteer,male,True,Yes,
19,volunteer19,111,Addison,Wright,1998/12/06,addison@gmail.com,19194444,Linden Street,Unit 103,Greenville,volunteer,female,True,Yes,19
20,volunteer20,111,Jackie,Turner,1991/03/17,jackie@gmail.com,20205555,Silver Street,Suite 104,Silvertown,volunteer,male,True,Yes,20
21,volunteer21,111,Ella,Martin,1993/07/28,ella@gmail.com,21216666,Gold Avenue,Apartment 105,Goldville,volunteer,female,True,Yes,21
22,volunteer22,111,Nathan,Hill,1995/11/08,nathan@gmail.com,22227777,Bronze Road,Suite 106,Bronzetown,volunteer,male,True,Yes,22
23,volunteer23,111,Leah,Campbell,1999/02/19,leah@gmail.com,23238888,Platinum Lane,Unit 107,Platinum City,volunteer,female,True,Yes,2
24,volunteer24,111,Gabriel,Cooper,1992/05/31,gabriel@gmail.com,24249999,Diamond Street,Suite 108,Diamondville,volunteer,male,True,Yes,
25,volunteer25,111,Hazel,Cruz,1997/10/12,hazel@gmail.com,25251010,Emerald Road,Apartment 109,Emeraldtown,volunteer,female,True,Yes,
26,volunteer26,111,Isaac,Fisher,1990/04/23,isaac@gmail.com,26262121,Sapphire Lane,Suite 110,Sapphireville,volunteer,male,True,Yes,2
27,volunteer27,111,Aria,Long,1998/08/03,aria@gmail.com,27273232,Ruby Avenue,Unit 111,Rubyburg,volunteer,female,True,Yes,27
28,volunteer28,111,Caleb,Mills,1994/01/13,caleb@gmail.com,28284343,Pearl Street,Suite 112,Pearlton,volunteer,male,True,Yes,2
29,volunteer29,111,Aubrey,Ferguson,1996/04/24,aubrey@gmail.com,29295454,Jade Lane,Apartment 113,Jadetown,volunteer,female,True,Yes,29
30,volunteer30,111,Max,Turner,1991/09/04,max@gmail.com,30306565,Amber Road,Suite 114,Amberville,volunteer,male,True,Yes,22
